user,championId,gamesPlayed,winrate,from,to,server,league
,,,,2020.11.10,2020.11.30,kr,challenger
UltramanT1ga,81,6,1,,,,
SANDBOX OnFleek,412,6,1,,,,
A little st0ry,164,5,1,,,,
heeseong,61,4,1,,,,
퇴근시간1,236,4,1,,,,
A little st0ry,202,4,1,,,,
FA Natalie,126,4,1,,,,
T1 Crescent,164,4,1,,,,
쪼렙이다말로하자,12,4,1,,,,
zhoupengyuan,84,4,1,,,,
스컬지,126,4,1,,,,
이 차가 식기전에,89,4,1,,,,
V5zhao874906839,112,4,1,,,,
wshgr,84,4,1,,,,
Starry0v0,84,4,1,,,,
T1 Oner,145,4,1,,,,
Shining fans,98,4,1,,,,
미쳐놈,777,3,1,,,,
SANDBOX Muru,126,3,1,,,,
엘 림,89,3,1,,,,
xrk2021,145,3,1,,,,
FA GGul,875,3,1,,,,
ping siba,68,3,1,,,,
HUYATV Cid,54,3,1,,,,
Juhana,412,3,1,,,,
T1 Gumayusi,84,3,1,,,,
llIllIIlIllIlIll,875,3,1,,,,
FA Light,235,3,1,,,,
Starry0v0,81,3,1,,,,
Majo no Tabi,104,3,1,,,,
모찌피치모찌피치,3,3,1,,,,
DDDDoil,12,3,1,,,,
YSYZ,121,3,1,,,,
Starry0v0,3,3,1,,,,
FA Chasy,110,3,1,,,,
이것으로마칩니다,497,3,1,,,,
SANDBOX Muru,164,3,1,,,,
zhoupengyuan,245,3,1,,,,
knightzz,12,3,1,,,,
FA Natalie,3,3,1,,,,
FA Minit,3,3,1,,,,
SANDBOX Croco,517,3,1,,,,
i no hope,24,3,1,,,,
UltramanT1ga,523,3,1,,,,
Gen G Ophelia,113,3,1,,,,
이것으로마칩니다,517,3,1,,,,
yylw102b,141,3,1,,,,
Starry0v0,85,3,1,,,,
보충제내놔,202,3,1,,,,
SANDBOX OnFleek,360,3,1,,,,
fat sheep,89,3,1,,,,
이것으로마칩니다,104,3,1,,,,
Seize the day11,120,3,1,,,,
Shining fans,120,3,1,,,,
Arrowlol,21,2,1,,,,
고파 우 개미,80,2,1,,,,
FA Natalie,98,2,1,,,,
daydayup,245,2,1,,,,
밤이싫어,12,2,1,,,,
elole,350,2,1,,,,
xrk2021,13,2,1,,,,
미쳐놈,21,2,1,,,,
이것으로마칩니다,58,2,1,,,,
피즈 조이,236,2,1,,,,
ig nugur1,18,2,1,,,,
말을잘못하는사람,20,2,1,,,,
Shining fans,360,2,1,,,,
SANDBOX OnFleek,147,2,1,,,,
SANDBOX OnFleek,245,2,1,,,,
익산누누,145,2,1,,,,
llIllIIlIllIlIll,147,2,1,,,,
Juhana,98,2,1,,,,
Shining fans,21,2,1,,,,
SoftM,21,2,1,,,,
Starry0v0,21,2,1,,,,
HSHTM,147,2,1,,,,
직스 좀 믿어줘,145,2,1,,,,
yylw102b,21,2,1,,,,
ping siba,113,2,1,,,,
T1 Keria,236,2,1,,,,
i no hope,7,2,1,,,,
KTB TOP,104,2,1,,,,
SANDBOX Route,89,2,1,,,,
타 잔,497,2,1,,,,
Baldado,8,2,1,,,,
DRX HP1,8,2,1,,,,
Awe Serenity,164,2,1,,,,
Annie Leonhar,164,2,1,,,,
OMGqx1328035572,92,2,1,,,,
Sangchu,10,2,1,,,,
Annie Leonhar,12,2,1,,,,
fat sheep,62,2,1,,,,
elole,12,2,1,,,,
FA Chasy,98,2,1,,,,
버도링딩동그랑땡,112,2,1,,,,
에르피디,112,2,1,,,,
Gen G Karis,12,2,1,,,,
SSUNSSUN,89,2,1,,,,
Juhana,104,2,1,,,,
DYN Rlch,64,2,1,,,,
Gen G Karis,141,2,1,,,,
ig nugur1,141,2,1,,,,
FA Chasy,114,2,1,,,,
미쳐놈,121,2,1,,,,
nine3,12,2,1,,,,
두꺼비압수,157,2,1,,,,
애드ON,121,2,1,,,,
heeseong,45,2,1,,,,
밤이싫어,412,2,1,,,,
Seize the day11,246,2,1,,,,
미쳐놈,412,2,1,,,,
못 난 놈 들1,412,2,1,,,,
esortazione,103,2,1,,,,
Sangchu,39,2,1,,,,
T1 Berserker,39,2,1,,,,
V5zhao874906839,102,2,1,,,,
weibohan,412,2,1,,,,
Starry0v0,102,2,1,,,,
잘못박은사람,57,2,1,,,,
HSHTM,76,2,1,,,,
T1 Keria,126,2,1,,,,
Gen G Ophelia,145,2,1,,,,
SANDBOX Route,145,2,1,,,,
Fanch,145,2,1,,,,
파이팅 인생,89,2,1,,,,
yuioplmnbvcfgjhk,126,2,1,,,,
Sangchu,142,2,1,,,,
xrk2021,142,2,1,,,,
yylw102b,142,2,1,,,,
Gen G Ophelia,412,2,1,,,,
하이드,99,2,1,,,,
SANDBOX Route,54,2,1,,,,
yylw102b,54,2,1,,,,
Gen G Karis,57,2,1,,,,
T1 Keria,266,2,1,,,,
밤이싫어,54,2,1,,,,
Zaovvunongren,112,2,1,,,,
Seize the day11,22,2,1,,,,
UltramanT1ga,22,2,1,,,,
애드ON,145,2,1,,,,
모두다함께차차차,145,2,1,,,,
40900202,24,2,1,,,,
SANDBOX Muru,134,2,1,,,,
Baldado,24,2,1,,,,
DDDDoil,80,2,1,,,,
Lpc1,98,2,1,,,,
daydayup,80,2,1,,,,
fat sheep,112,2,1,,,,
zhoupengyuan,24,2,1,,,,
모찌피치모찌피치,360,2,1,,,,
40900202,104,2,1,,,,
SANDBOX FATE,141,2,1,,,,
heeseong,25,2,1,,,,
xrk2021,90,2,1,,,,
Lpc1,78,2,1,,,,
aabbcc123,412,2,1,,,,
쪼렙이다말로하자,421,2,1,,,,
Interlude 2020,29,2,1,,,,
Strange2,145,2,1,,,,
밤이싫어,421,2,1,,,,
40900202,12,2,1,,,,
FA Light,412,2,1,,,,
정훈이의 모험,76,2,1,,,,
aabbcc123,421,2,1,,,,
타 잔,412,2,1,,,,
But All,236,2,1,,,,
FA Natalie,201,2,1,,,,
이것으로마칩니다,777,2,1,,,,
SSUNSSUN,202,2,1,,,,
T1 Berserker,120,2,1,,,,
T1 Oner,202,2,1,,,,
esortazione,84,2,1,,,,
Arrowlol,875,2,1,,,,
잘못박은사람,164,2,1,,,,
에르피디,164,2,1,,,,
daydayup,875,2,1,,,,
arrowIoI,84,2,1,,,,
두꺼비압수,777,2,1,,,,
못 난 놈 들1,164,2,1,,,,
aabbcc123,245,2,1,,,,
Annie Leonhar,84,2,1,,,,
aabbcc123,84,2,1,,,,
T1 Berserker,245,2,1,,,,
스컬지,120,2,1,,,,
DYN Rlch,236,2,1,,,,
FA Wizer,875,2,1,,,,
jkjkjkjkk,875,2,1,,,,
쪼렙이다말로하자,81,2,1,,,,
whisper snow,164,2,1,,,,
zhoupengyuan,517,2,1,,,,
YSYZ,523,2,1,,,,
RW Ruby,84,2,1,,,,
T1 Gumayusi,120,2,1,,,,
zhoupengyuan,555,2,1,,,,
weibohan,245,2,1,,,,
익산누누,517,2,1,,,,
YSYZ,120,2,1,,,,
Gen G Peyz,777,2,1,,,,
Fanch,202,2,1,,,,
남탓제발그만해,238,2,1,,,,
Starry0v0,106,2,1,,,,
T1 Berserker,84,2,1,,,,
hao yun bao bei,84,2,1,,,,
SoftM,202,2,1,,,,
Juhana,777,2,1,,,,
Sangchu,777,2,1,,,,
Seize the day11,777,2,1,,,,
xrk2021,517,2,1,,,,
Gen G Meaning,84,2,1,,,,
UltramanT1ga,517,2,1,,,,
But All,202,2,1,,,,
Asperlol,202,2,1,,,,
zhoupengyuan,777,2,1,,,,
Demon,117,2,1,,,,
shui di si chuan,875,2,1,,,,
Juhana,3,2,1,,,,
ping siba,876,2,1,,,,
SANDBOX Croco,164,2,1,,,,
SANDBOX FATE,104,2,1,,,,
KTB TOP,164,2,1,,,,
Re0start,876,2,1,,,,
SoftM,117,2,1,,,,
jkjkjkjkk,164,2,1,,,,
FA Light,203,2,1,,,,
UltramanT1ga,876,2,1,,,,
Juhana,203,2,1,,,,
Strange2,81,2,1,,,,
Majo no Tabi,203,2,1,,,,
fat sheep,236,2,1,,,,
yuioplmnbvcfgjhk,3,2,1,,,,
yylw102b,3,2,1,,,,
heeseong,110,2,1,,,,
크고우람한요들,104,2,1,,,,
미쳐놈,3,2,1,,,,
Gen G Karis,236,2,1,,,,
weibohan,203,2,1,,,,
nine3,104,2,1,,,,
A little st0ry,7,2,1,,,,
T1 Crescent,121,2,1,,,,
Zaovvunongren,202,2,1,,,,
no top,120,2,1,,,,
모두다함께차차차,81,2,1,,,,
다없수질,202,2,1,,,,
롤오브레전드1234,202,2,1,,,,
밤이싫어,203,2,1,,,,
FA zzuss,120,2,1,,,,
하이드,105,2,1,,,,
타 잔,84,2,1,,,,
나만 잘되기를,2,2,1,,,,
피즈 조이,84,2,1,,,,
hao yun bao bei,114,2,1,,,,
FA Light,876,2,1,,,,
SANDBOX OnFleek,105,2,1,,,,
Gen G Kellin,876,2,1,,,,
Sangchu,238,2,1,,,,
arrowIoI,245,2,1,,,,
FA Chasy,85,2,1,,,,
FA Chasy,120,2,1,,,,
ig nugur1,876,2,1,,,,
T1 Crescent,81,2,1,,,,
FA Natalie,164,8,0.875,,,,
UltramanT1ga,202,6,0.8333333333333334,,,,
Juhana,112,6,0.8333333333333334,,,,
스컬지,84,5,0.8,,,,
UltramanT1ga,236,5,0.8,,,,
못 난 놈 들1,84,5,0.8,,,,
UltramanT1ga,24,5,0.8,,,,
Gen G Ophelia,141,5,0.8,,,,
T1 Berserker,875,5,0.8,,,,
Starry0v0,112,5,0.8,,,,
A little st0ry,84,4,0.75,,,,
arrowIoI,104,4,0.75,,,,
딱따구리부리압수,202,4,0.75,,,,
밤이싫어,80,4,0.75,,,,
밤이싫어,104,4,0.75,,,,
FA Chasy,12,4,0.75,,,,
HSHTM,104,4,0.75,,,,
T1 Crescent,517,4,0.75,,,,
HUYATV Cid,145,4,0.75,,,,
뷔스타,145,4,0.75,,,,
하이드,147,4,0.75,,,,
DDDDoil,517,4,0.75,,,,
칸 나,120,4,0.75,,,,
T1 Crescent,236,4,0.75,,,,
Shining fans,145,4,0.75,,,,
fat sheep,164,4,0.75,,,,
nnvbxz3324,84,4,0.75,,,,
ig nugur1,202,4,0.75,,,,
FA Natalie,81,4,0.75,,,,
i no hope,202,4,0.75,,,,
Seize the day11,84,4,0.75,,,,
yylw102b,145,4,0.75,,,,
HUYATV Cid,164,4,0.75,,,,
FA Natalie,360,4,0.75,,,,
KTB TOP,121,4,0.75,,,,
zhoupengyuan,875,4,0.75,,,,
UltramanT1ga,145,7,0.7142857142857143,,,,
Seize the day11,104,7,0.7142857142857143,,,,
Lpc1,84,7,0.7142857142857143,,,,
V5zhao874906839,202,7,0.7142857142857143,,,,
이것으로마칩니다,89,7,0.7142857142857143,,,,
wshgr,89,9,0.6666666666666666,,,,
yylw102b,84,6,0.6666666666666666,,,,
A little st0ry,126,6,0.6666666666666666,,,,
정훈이의 모험,145,6,0.6666666666666666,,,,
Juhana,202,6,0.6666666666666666,,,,
Seize the day11,236,6,0.6666666666666666,,,,
fat sheep,202,6,0.6666666666666666,,,,
wshgr,202,6,0.6666666666666666,,,,
KTB TOP,80,6,0.6666666666666666,,,,
Juhana,80,6,0.6666666666666666,,,,
zhoupengyuan,145,6,0.6666666666666666,,,,
Juhana,81,3,0.6666666666666666,,,,
FA Wizer,89,3,0.6666666666666666,,,,
스컬지,245,3,0.6666666666666666,,,,
Juhana,127,3,0.6666666666666666,,,,
두꺼비압수,236,3,0.6666666666666666,,,,
SANDBOX Muru,245,3,0.6666666666666666,,,,
UltramanT1ga,121,3,0.6666666666666666,,,,
Asperlol,81,3,0.6666666666666666,,,,
40900202,120,3,0.6666666666666666,,,,
knightzz,81,3,0.6666666666666666,,,,
yylw102b,266,3,0.6666666666666666,,,,
SANDBOX OnFleek,81,3,0.6666666666666666,,,,
arrowIoI,89,3,0.6666666666666666,,,,
밤이싫어,121,3,0.6666666666666666,,,,
SANDBOX OnFleek,89,3,0.6666666666666666,,,,
Lpc1,89,3,0.6666666666666666,,,,
xrk2021,120,3,0.6666666666666666,,,,
Bbvoy,113,3,0.6666666666666666,,,,
Shining fans,76,3,0.6666666666666666,,,,
arrowIoI,80,3,0.6666666666666666,,,,
Shining fans,126,3,0.6666666666666666,,,,
SoIo PIayer,126,3,0.6666666666666666,,,,
T1 Gumayusi,126,3,0.6666666666666666,,,,
knightzz,126,3,0.6666666666666666,,,,
모두다함께차차차,245,3,0.6666666666666666,,,,
HUYATV Cid,126,3,0.6666666666666666,,,,
40900202,76,3,0.6666666666666666,,,,
T1 Oner,245,3,0.6666666666666666,,,,
YSYZ,236,3,0.6666666666666666,,,,
Seize the day11,245,3,0.6666666666666666,,,,
UltramanT1ga,126,3,0.6666666666666666,,,,
의지싸움,89,3,0.6666666666666666,,,,
T1 Crescent,266,3,0.6666666666666666,,,,
잘못박은사람,236,3,0.6666666666666666,,,,
ping siba,80,3,0.6666666666666666,,,,
hao yun bao bei,68,3,0.6666666666666666,,,,
엘 림,81,3,0.6666666666666666,,,,
정훈이의 모험,245,3,0.6666666666666666,,,,
UltramanT1ga,80,3,0.6666666666666666,,,,
Baldado,68,3,0.6666666666666666,,,,
이것으로마칩니다,67,3,0.6666666666666666,,,,
모두다함께차차차,84,3,0.6666666666666666,,,,
ig nugur1,121,3,0.6666666666666666,,,,
Strange2,875,3,0.6666666666666666,,,,
daydayup,12,3,0.6666666666666666,,,,
Fanch,12,3,0.6666666666666666,,,,
HSHTM,12,3,0.6666666666666666,,,,
tiancaibing,202,3,0.6666666666666666,,,,
스컬지,497,3,0.6666666666666666,,,,
A little st0ry,111,3,0.6666666666666666,,,,
버도링딩동그랑땡,497,3,0.6666666666666666,,,,
krats aira,238,3,0.6666666666666666,,,,
knightzz,875,3,0.6666666666666666,,,,
DDDDoil,245,3,0.6666666666666666,,,,
A little st0ry,12,3,0.6666666666666666,,,,
DDDDoil,112,3,0.6666666666666666,,,,
FA Lava,104,3,0.6666666666666666,,,,
Juhana,21,3,0.6666666666666666,,,,
FA Natalie,112,3,0.6666666666666666,,,,
퇴근시간1,145,3,0.6666666666666666,,,,
롤오브레전드1234,145,3,0.6666666666666666,,,,
fat sheep,24,3,0.6666666666666666,,,,
Juhana,24,3,0.6666666666666666,,,,
SANDBOX OnFleek,236,3,0.6666666666666666,,,,
arrowIoI,3,3,0.6666666666666666,,,,
weibohan,104,3,0.6666666666666666,,,,
elole,202,3,0.6666666666666666,,,,
SANDBOX OnFleek,517,3,0.6666666666666666,,,,
fat sheep,523,3,0.6666666666666666,,,,
Starry0v0,523,3,0.6666666666666666,,,,
yylw102b,164,3,0.6666666666666666,,,,
DYN Rlch,517,3,0.6666666666666666,,,,
40900202,517,3,0.6666666666666666,,,,
KTB TOP,202,3,0.6666666666666666,,,,
Zaovvunongren,134,3,0.6666666666666666,,,,
Seize the day11,164,3,0.6666666666666666,,,,
ig nugur1,3,3,0.6666666666666666,,,,
knightzz,3,3,0.6666666666666666,,,,
FA Chasy,777,3,0.6666666666666666,,,,
SANDBOX OnFleek,3,3,0.6666666666666666,,,,
Strange2,3,3,0.6666666666666666,,,,
T1 Crescent,3,3,0.6666666666666666,,,,
T1 Keria,202,3,0.6666666666666666,,,,
knightzz,104,3,0.6666666666666666,,,,
타 잔,24,3,0.6666666666666666,,,,
wshgr,98,3,0.6666666666666666,,,,
이것으로마칩니다,875,3,0.6666666666666666,,,,
직스 좀 믿어줘,202,3,0.6666666666666666,,,,
ig nugur1,145,3,0.6666666666666666,,,,
뷔스타,202,3,0.6666666666666666,,,,
의지싸움,202,3,0.6666666666666666,,,,
esortazione,145,3,0.6666666666666666,,,,
SANDBOX Route,236,3,0.6666666666666666,,,,
wshgr,412,3,0.6666666666666666,,,,
V5zhao874906839,141,3,0.6666666666666666,,,,
KTA T0P,145,3,0.6666666666666666,,,,
Juhana,61,3,0.6666666666666666,,,,
HSHTM,876,3,0.6666666666666666,,,,
Seize the day11,141,3,0.6666666666666666,,,,
퇴근시간1,875,3,0.6666666666666666,,,,
Starry0v0,39,3,0.6666666666666666,,,,
i no hope,58,3,0.6666666666666666,,,,
밤이싫어,32,3,0.6666666666666666,,,,
T1 Oner,112,3,0.6666666666666666,,,,
Starry0v0,876,3,0.6666666666666666,,,,
밤이싫어,98,3,0.6666666666666666,,,,
SoftM,145,3,0.6666666666666666,,,,
FA Natalie,57,3,0.6666666666666666,,,,
T1 Keria,145,3,0.6666666666666666,,,,
Juhana,875,10,0.6,,,,
whisper snow,112,5,0.6,,,,
wshgr,164,5,0.6,,,,
SANDBOX Route,245,5,0.6,,,,
이것으로마칩니다,236,5,0.6,,,,
YSYZ,202,5,0.6,,,,
FA Minit,141,5,0.6,,,,
미쳐놈,104,5,0.6,,,,
knightzz,89,5,0.6,,,,
V5zhao874906839,104,5,0.6,,,,
fat sheep,84,5,0.6,,,,
모찌피치모찌피치,145,5,0.6,,,,
xrk2021,876,5,0.6,,,,
Starry0v0,104,7,0.5714285714285714,,,,
fat sheep,145,9,0.5555555555555556,,,,
HUYATV Cid,202,9,0.5555555555555556,,,,
Seize the day11,145,10,0.5,,,,
Juhana,236,8,0.5,,,,
Starry0v0,202,8,0.5,,,,
Gen G Ophelia,202,8,0.5,,,,
SANDBOX Muru,145,8,0.5,,,,
밤이싫어,89,6,0.5,,,,
UltramanT1ga,360,6,0.5,,,,
T1 Oner,164,6,0.5,,,,
UltramanT1ga,104,6,0.5,,,,
Juhana,84,6,0.5,,,,
SANDBOX Route,164,6,0.5,,,,
SANDBOX Muru,202,6,0.5,,,,
T1 Berserker,12,6,0.5,,,,
Seize the day11,21,6,0.5,,,,
zhoupengyuan,202,6,0.5,,,,
Seize the day11,875,4,0.5,,,,
Starry0v0,61,4,0.5,,,,
Zaovvunongren,104,4,0.5,,,,
yuioplmnbvcfgjhk,875,4,0.5,,,,
UltramanT1ga,875,4,0.5,,,,
미쳐놈,875,4,0.5,,,,
yylw102b,114,4,0.5,,,,
i no hope,89,4,0.5,,,,
SANDBOX Route,875,4,0.5,,,,
SoftM,245,4,0.5,,,,
퇴근시간1,84,4,0.5,,,,
Gen G Ophelia,89,4,0.5,,,,
YSYZ,104,4,0.5,,,,
Starry0v0,517,4,0.5,,,,
미쳐놈,141,4,0.5,,,,
칸 나,236,4,0.5,,,,
타 잔,89,4,0.5,,,,
fat sheep,412,4,0.5,,,,
UltramanT1ga,54,4,0.5,,,,
FA Natalie,145,4,0.5,,,,
i no hope,145,4,0.5,,,,
knightzz,145,4,0.5,,,,
Starry0v0,145,4,0.5,,,,
zhoupengyuan,89,4,0.5,,,,
SoftM,497,4,0.5,,,,
DDDDoil,126,4,0.5,,,,
UltramanT1ga,497,4,0.5,,,,
이 차가 식기전에,12,4,0.5,,,,
이 차가 식기전에,245,4,0.5,,,,
이것으로마칩니다,80,4,0.5,,,,
Juhana,517,4,0.5,,,,
FA Natalie,236,4,0.5,,,,
40900202,3,4,0.5,,,,
SANDBOX OnFleek,164,4,0.5,,,,
Shining fans,81,4,0.5,,,,
wshgr,3,4,0.5,,,,
Seize the day11,81,4,0.5,,,,
T1 Berserker,105,2,0.5,,,,
칸 나,104,2,0.5,,,,
SANDBOX FATE,85,2,0.5,,,,
못 난 놈 들1,112,2,0.5,,,,
YSYZ,114,2,0.5,,,,
arrowIoI,105,2,0.5,,,,
Gen G Meaning,105,2,0.5,,,,
정훈이의 모험,112,2,0.5,,,,
zhoupengyuan,238,2,0.5,,,,
wshgr,114,2,0.5,,,,
순 의,110,2,0.5,,,,
칸 나,112,2,0.5,,,,
SANDBOX FATE,114,2,0.5,,,,
T1 Crescent,112,2,0.5,,,,
못 난 놈 들1,113,2,0.5,,,,
Shining fans,112,2,0.5,,,,
Sweety Pretty,106,2,0.5,,,,
SANDBOX Route,106,2,0.5,,,,
SANDBOX OnFleek,112,2,0.5,,,,
이것으로마칩니다,111,2,0.5,,,,
바쿠야,236,2,0.5,,,,
Annie Leonhar,112,2,0.5,,,,
YSYZ,147,2,0.5,,,,
i no hope,164,2,0.5,,,,
FA Normal Jg,164,2,0.5,,,,
FA Gaeng,164,2,0.5,,,,
DDDDoil,164,2,0.5,,,,
daydayup,164,2,0.5,,,,
zhoupengyuan,163,2,0.5,,,,
KTB TOP,236,2,0.5,,,,
wshgr,157,2,0.5,,,,
kzxuiuy,236,2,0.5,,,,
SANDBOX Muru,157,2,0.5,,,,
SANDBOX Muru,154,2,0.5,,,,
Naehyun,236,2,0.5,,,,
스컬지,147,2,0.5,,,,
krats aira,164,2,0.5,,,,
UltramanT1ga,147,2,0.5,,,,
ping siba,147,2,0.5,,,,
KTA MID,147,2,0.5,,,,
i no hope,147,2,0.5,,,,
이것으로마칩니다,145,2,0.5,,,,
이 차가 식기전에,145,2,0.5,,,,
다없수질,145,2,0.5,,,,
tiancaibing,145,2,0.5,,,,
T1 Closer,145,2,0.5,,,,
SANDBOX FATE,145,2,0.5,,,,
ping siba,145,2,0.5,,,,
KTA MID,145,2,0.5,,,,
krats aira,145,2,0.5,,,,
순 의,235,2,0.5,,,,
T1 Berserker,203,2,0.5,,,,
Shining fans,203,2,0.5,,,,
SANDBOX Route,203,2,0.5,,,,
DRX HP1,203,2,0.5,,,,
Bbvoy,203,2,0.5,,,,
고파 우 개미,203,2,0.5,,,,
징징이는징징징징,202,2,0.5,,,,
정훈이의 모험,202,2,0.5,,,,
익산누누,202,2,0.5,,,,
엘 림,202,2,0.5,,,,
못 난 놈 들1,202,2,0.5,,,,
Starry0v0,235,2,0.5,,,,
SANDBOX FATE,202,2,0.5,,,,
FA Wizer,145,2,0.5,,,,
a1da2d,236,2,0.5,,,,
AF BAekHO,236,2,0.5,,,,
ig nugur1,201,2,0.5,,,,
정훈이의 모험,164,2,0.5,,,,
딱따구리부리압수,164,2,0.5,,,,
더 간절한 이우진,164,2,0.5,,,,
DDDDoil,236,2,0.5,,,,
T1 Closer,164,2,0.5,,,,
T1 Berserker,164,2,0.5,,,,
SSUNSSUN,164,2,0.5,,,,
Shining fans,164,2,0.5,,,,
FA zzuss,236,2,0.5,,,,
Zaovvunongren,121,2,0.5,,,,
zhoupengyuan,126,2,0.5,,,,
Seize the day11,126,2,0.5,,,,
SANDBOX OnFleek,126,2,0.5,,,,
kzxuiuy,126,2,0.5,,,,
krats aira,126,2,0.5,,,,
HSHTM,126,2,0.5,,,,
hao yun bao bei,126,2,0.5,,,,
FA ian,126,2,0.5,,,,
elole,126,2,0.5,,,,
Annie Leonhar,126,2,0.5,,,,
i no hope,122,2,0.5,,,,
이것으로마칩니다,121,2,0.5,,,,
다없수질,121,2,0.5,,,,
딱따구리부리압수,126,2,0.5,,,,
weibohan,121,2,0.5,,,,
SANDBOX Muru,121,2,0.5,,,,
Lpc1,121,2,0.5,,,,
쿠자니,120,2,0.5,,,,
버도링딩동그랑땡,120,2,0.5,,,,
모찌피치모찌피치,120,2,0.5,,,,
나만 잘되기를,120,2,0.5,,,,
yylw102b,120,2,0.5,,,,
말을잘못하는사람,236,2,0.5,,,,
ig nugur1,120,2,0.5,,,,
HUYATV Cid,120,2,0.5,,,,
FA GGul,120,2,0.5,,,,
FA Wizer,117,2,0.5,,,,
Strange2,236,2,0.5,,,,
FA Chasy,145,2,0.5,,,,
daydayup,145,2,0.5,,,,
Annie Leonhar,145,2,0.5,,,,
Shining fans,236,2,0.5,,,,
버도링딩동그랑땡,142,2,0.5,,,,
다없수질,142,2,0.5,,,,
wshgr,142,2,0.5,,,,
V5zhao874906839,142,2,0.5,,,,
Baldado,142,2,0.5,,,,
말을잘못하는사람,141,2,0.5,,,,
나만 잘되기를,141,2,0.5,,,,
Starry0v0,141,2,0.5,,,,
Majo no Tabi,141,2,0.5,,,,
DDDDoil,117,2,0.5,,,,
knightzz,141,2,0.5,,,,
T1 Berserker,236,2,0.5,,,,
잘못박은사람,134,2,0.5,,,,
weibohan,134,2,0.5,,,,
T1 Gumayusi,134,2,0.5,,,,
T1 Berserker,134,2,0.5,,,,
파이팅 인생,126,2,0.5,,,,
타 잔,126,2,0.5,,,,
익산누누,126,2,0.5,,,,
이 차가 식기전에,126,2,0.5,,,,
못 난 놈 들1,126,2,0.5,,,,
말을잘못하는사람,126,2,0.5,,,,
T1 Berserker,3,2,0.5,,,,
Re0start,516,2,0.5,,,,
A little st0ry,61,2,0.5,,,,
모두다함께차차차,60,2,0.5,,,,
SANDBOX Route,60,2,0.5,,,,
KTB TOP,60,2,0.5,,,,
Gen G Ophelia,516,2,0.5,,,,
V5zhao874906839,58,2,0.5,,,,
Shining fans,58,2,0.5,,,,
FA Natalie,516,2,0.5,,,,
knightzz,58,2,0.5,,,,
Juhana,58,2,0.5,,,,
Gen G Karis,58,2,0.5,,,,
fat sheep,58,2,0.5,,,,
FA Lava,58,2,0.5,,,,
shui di si chuan,3,2,0.5,,,,
SANDBOX FATE,360,2,0.5,,,,
스컬지,57,2,0.5,,,,
xrk2021,3,2,0.5,,,,
Fanch,412,2,0.5,,,,
UltramanT1ga,57,2,0.5,,,,
SSUNSSUN,57,2,0.5,,,,
esortazione,516,2,0.5,,,,
Juhana,57,2,0.5,,,,
i no hope,57,2,0.5,,,,
DDDDoil,57,2,0.5,,,,
ig nugur1,412,2,0.5,,,,
Starry0v0,54,2,0.5,,,,
못 난 놈 들1,3,2,0.5,,,,
SANDBOX Muru,54,2,0.5,,,,
HSHTM,54,2,0.5,,,,
FA Natalie,67,2,0.5,,,,
SANDBOX Route,76,2,0.5,,,,
fat sheep,517,2,0.5,,,,
Re0start,266,2,0.5,,,,
FA Chasy,76,2,0.5,,,,
T1 Crescent,68,2,0.5,,,,
Seize the day11,266,2,0.5,,,,
Juhana,68,2,0.5,,,,
daydayup,517,2,0.5,,,,
i no hope,68,2,0.5,,,,
FA Natalie,68,2,0.5,,,,
daydayup,68,2,0.5,,,,
타 잔,516,2,0.5,,,,
Bbvoy,68,2,0.5,,,,
Starry0v0,67,2,0.5,,,,
의지싸움,3,2,0.5,,,,
스컬지,1,2,0.5,,,,
But All,67,2,0.5,,,,
zhu666,64,2,0.5,,,,
Gen G Peyz,2,2,0.5,,,,
SANDBOX Muru,64,2,0.5,,,,
aabbcc123,3,2,0.5,,,,
FA Normal Jg,3,2,0.5,,,,
스컬지,62,2,0.5,,,,
모두다함께차차차,62,2,0.5,,,,
Juhana,62,2,0.5,,,,
i no hope,62,2,0.5,,,,
T1 Oner,61,2,0.5,,,,
SANDBOX OnFleek,61,2,0.5,,,,
SANDBOX Muru,61,2,0.5,,,,
순 의,22,2,0.5,,,,
fat sheep,25,2,0.5,,,,
FA Wizer,25,2,0.5,,,,
daydayup,25,2,0.5,,,,
YSYZ,8,2,0.5,,,,
Lpc1,12,2,0.5,,,,
밤이싫어,24,2,0.5,,,,
Re0start,12,2,0.5,,,,
SSUNSSUN,12,2,0.5,,,,
wshgr,24,2,0.5,,,,
Starry0v0,24,2,0.5,,,,
wshgr,12,2,0.5,,,,
kzxuiuy,24,2,0.5,,,,
xrk2021,12,2,0.5,,,,
퇴근시간1,12,2,0.5,,,,
튀자튀자아,22,2,0.5,,,,
FA Lava,497,2,0.5,,,,
황제펭귄 5호,12,2,0.5,,,,
미쳐놈,22,2,0.5,,,,
YSYZ,22,2,0.5,,,,
fat sheep,22,2,0.5,,,,
whisper snow,497,2,0.5,,,,
이것으로마칩니다,21,2,0.5,,,,
FA Minit,18,2,0.5,,,,
모찌피치모찌피치,21,2,0.5,,,,
Bbvoy,21,2,0.5,,,,
daydayup,21,2,0.5,,,,
다없수질,21,2,0.5,,,,
UltramanT1ga,21,2,0.5,,,,
i no hope,21,2,0.5,,,,
HUYATV Cid,21,2,0.5,,,,
순 의,39,2,0.5,,,,
DDDDoil,54,2,0.5,,,,
Gen G Peyz,53,2,0.5,,,,
Starry0v0,51,2,0.5,,,,
미쳐놈,50,2,0.5,,,,
tiancaibing,412,2,0.5,,,,
타 잔,44,2,0.5,,,,
잘못박은사람,3,2,0.5,,,,
Juhana,43,2,0.5,,,,
T1 Oner,41,2,0.5,,,,
Juhana,41,2,0.5,,,,
DDDDoil,4,2,0.5,,,,
heeseong,4,2,0.5,,,,
밤이싫어,40,2,0.5,,,,
yylw102b,412,2,0.5,,,,
Annie Leonhar,266,2,0.5,,,,
arrowIoI,7,2,0.5,,,,
나만 잘되기를,412,2,0.5,,,,
ig nugur1,7,2,0.5,,,,
더 간절한 이우진,412,2,0.5,,,,
a1da2d,39,2,0.5,,,,
T1 Gumayusi,7,2,0.5,,,,
칸 나,412,2,0.5,,,,
xrk2021,30,2,0.5,,,,
SANDBOX FATE,8,2,0.5,,,,
YSYZ,421,2,0.5,,,,
DDDDoil,30,2,0.5,,,,
보충제내놔,421,2,0.5,,,,
Juhana,29,2,0.5,,,,
Starry0v0,8,2,0.5,,,,
zhu666,89,2,0.5,,,,
HUYATV Cid,102,2,0.5,,,,
FA Chasy,102,2,0.5,,,,
순 의,99,2,0.5,,,,
FA Lava,245,2,0.5,,,,
FA Minit,245,2,0.5,,,,
tiancaibing,98,2,0.5,,,,
SANDBOX Route,98,2,0.5,,,,
순 의,92,2,0.5,,,,
Gen G Karis,876,2,0.5,,,,
밤이싫어,91,2,0.5,,,,
heeseong,91,2,0.5,,,,
FA Chasy,876,2,0.5,,,,
직스 좀 믿어줘,89,2,0.5,,,,
스컬지,89,2,0.5,,,,
더 간절한 이우진,89,2,0.5,,,,
SANDBOX Muru,102,2,0.5,,,,
YSYZ,89,2,0.5,,,,
스컬지,875,2,0.5,,,,
매일배고프다,875,2,0.5,,,,
tiancaibing,89,2,0.5,,,,
ping siba,89,2,0.5,,,,
Majo no Tabi,89,2,0.5,,,,
whisper snow,875,2,0.5,,,,
HSHTM,89,2,0.5,,,,
SoftM,875,2,0.5,,,,
Gen G Peyz,89,2,0.5,,,,
Re0start,875,2,0.5,,,,
KTA MID,875,2,0.5,,,,
aabbcc123,89,2,0.5,,,,
HUYATV Cid,875,2,0.5,,,,
nnvbxz3324,104,2,0.5,,,,
잘못박은사람,104,2,0.5,,,,
순 의,104,2,0.5,,,,
버도링딩동그랑땡,104,2,0.5,,,,
모르겠어요,104,2,0.5,,,,
못 난 놈 들1,876,2,0.5,,,,
두꺼비압수,104,2,0.5,,,,
모찌피치모찌피치,876,2,0.5,,,,
딱따구리부리압수,876,2,0.5,,,,
xrk2021,104,2,0.5,,,,
Zaovvunongren,876,2,0.5,,,,
YSYZ,876,2,0.5,,,,
V5zhao874906839,876,2,0.5,,,,
SANDBOX Muru,876,2,0.5,,,,
Re0start,104,2,0.5,,,,
미쳐놈,76,2,0.5,,,,
ig nugur1,104,2,0.5,,,,
i no hope,104,2,0.5,,,,
HUYATV Cid,104,2,0.5,,,,
Gen G Ophelia,104,2,0.5,,,,
Lpc1,876,2,0.5,,,,
HUYATV Cid,876,2,0.5,,,,
fat sheep,104,2,0.5,,,,
FA zzuss,104,2,0.5,,,,
FA Chasy,104,2,0.5,,,,
Baldado,104,2,0.5,,,,
A little st0ry,104,2,0.5,,,,
FA Chasy,245,2,0.5,,,,
Gen G Peyz,876,2,0.5,,,,
나만 잘되기를,102,2,0.5,,,,
타 잔,245,2,0.5,,,,
뷔스타,517,2,0.5,,,,
버도링딩동그랑땡,245,2,0.5,,,,
i no hope,85,2,0.5,,,,
더 간절한 이우진,517,2,0.5,,,,
AF BAekHO,81,2,0.5,,,,
칸 나,80,2,0.5,,,,
의지싸움,80,2,0.5,,,,
엘 림,80,2,0.5,,,,
T1 Oner,517,2,0.5,,,,
T1 Keria,517,2,0.5,,,,
T1 Gumayusi,517,2,0.5,,,,
T1 Berserker,517,2,0.5,,,,
SoIo PIayer,517,2,0.5,,,,
weibohan,80,2,0.5,,,,
잘못박은사람,245,2,0.5,,,,
Interlude 2020,81,2,0.5,,,,
Majo no Tabi,80,2,0.5,,,,
파이팅 인생,245,2,0.5,,,,
i no hope,80,2,0.5,,,,
shui di si chuan,517,2,0.5,,,,
krats aira,517,2,0.5,,,,
fat sheep,80,2,0.5,,,,
FA Wizer,80,2,0.5,,,,
knightzz,517,2,0.5,,,,
FA Natalie,80,2,0.5,,,,
Gen G Peyz,79,2,0.5,,,,
Sweety Pretty,78,2,0.5,,,,
ig nugur1,517,2,0.5,,,,
Envyzz,78,2,0.5,,,,
모찌피치모찌피치,76,2,0.5,,,,
미쳐놈,245,2,0.5,,,,
daydayup,85,2,0.5,,,,
밤이싫어,84,2,0.5,,,,
강꼬릴,84,2,0.5,,,,
YSYZ,84,2,0.5,,,,
weibohan,84,2,0.5,,,,
40900202,875,2,0.5,,,,
타 잔,777,2,0.5,,,,
V5zhao874906839,84,2,0.5,,,,
ig nugur1,777,2,0.5,,,,
Gen G Peyz,555,2,0.5,,,,
KTA MID,84,2,0.5,,,,
이것으로마칩니다,523,2,0.5,,,,
딱따구리부리압수,523,2,0.5,,,,
고파 우 개미,245,2,0.5,,,,
밤이싫어,245,2,0.5,,,,
의지싸움,517,2,0.5,,,,
Zaovvunongren,81,2,0.5,,,,
zhoupengyuan,81,2,0.5,,,,
하이드,518,2,0.5,,,,
SANDBOX Muru,523,2,0.5,,,,
타 잔,82,2,0.5,,,,
못 난 놈 들1,245,2,0.5,,,,
V5zhao874906839,523,2,0.5,,,,
FA Minit,84,2,0.5,,,,
Gen G Ophelia,84,2,0.5,,,,
Seize the day11,202,9,0.4444444444444444,,,,
SANDBOX Muru,21,7,0.42857142857142855,,,,
스컬지,104,5,0.4,,,,
FA Natalie,875,5,0.4,,,,
HSHTM,164,5,0.4,,,,
UltramanT1ga,164,5,0.4,,,,
wshgr,517,5,0.4,,,,
wshgr,875,5,0.4,,,,
wshgr,497,5,0.4,,,,
T1 Oner,236,5,0.4,,,,
whisper snow,104,5,0.4,,,,
SANDBOX Route,104,5,0.4,,,,
Juhana,126,5,0.4,,,,
yylw102b,236,5,0.4,,,,
FA Natalie,89,5,0.4,,,,
zhoupengyuan,236,5,0.4,,,,
타 잔,145,5,0.4,,,,
타 잔,202,8,0.375,,,,
Juhana,145,9,0.3333333333333333,,,,
wshgr,145,6,0.3333333333333333,,,,
yylw102b,517,6,0.3333333333333333,,,,
모찌피치모찌피치,202,6,0.3333333333333333,,,,
미쳐놈,202,6,0.3333333333333333,,,,
V5zhao874906839,145,6,0.3333333333333333,,,,
이것으로마칩니다,202,6,0.3333333333333333,,,,
yylw102b,104,6,0.3333333333333333,,,,
Gen G Meaning,202,3,0.3333333333333333,,,,
Shining fans,121,3,0.3333333333333333,,,,
weibohan,81,3,0.3333333333333333,,,,
이것으로마칩니다,120,3,0.3333333333333333,,,,
밤이싫어,517,3,0.3333333333333333,,,,
hao yun bao bei,202,3,0.3333333333333333,,,,
Juhana,523,3,0.3333333333333333,,,,
SANDBOX Muru,120,3,0.3333333333333333,,,,
FA Lava,81,3,0.3333333333333333,,,,
FA Natalie,202,3,0.3333333333333333,,,,
못 난 놈 들1,80,3,0.3333333333333333,,,,
이것으로마칩니다,245,3,0.3333333333333333,,,,
xrk2021,80,3,0.3333333333333333,,,,
타 잔,164,3,0.3333333333333333,,,,
wshgr,80,3,0.3333333333333333,,,,
엘 림,164,3,0.3333333333333333,,,,
Lpc1,517,3,0.3333333333333333,,,,
Annie Leonhar,89,3,0.3333333333333333,,,,
A little st0ry,245,3,0.3333333333333333,,,,
40900202,112,3,0.3333333333333333,,,,
Gen G Meaning,104,3,0.3333333333333333,,,,
타 잔,236,3,0.3333333333333333,,,,
밤이싫어,112,3,0.3333333333333333,,,,
황제펭귄 5호,89,3,0.3333333333333333,,,,
whisper snow,89,3,0.3333333333333333,,,,
밤이싫어,875,3,0.3333333333333333,,,,
모찌피치모찌피치,875,3,0.3333333333333333,,,,
RW Ruby,89,3,0.3333333333333333,,,,
밤이싫어,114,3,0.3333333333333333,,,,
V5zhao874906839,245,3,0.3333333333333333,,,,
40900202,89,3,0.3333333333333333,,,,
fat sheep,875,3,0.3333333333333333,,,,
모찌피치모찌피치,236,3,0.3333333333333333,,,,
Strange2,202,3,0.3333333333333333,,,,
나만 잘되기를,80,3,0.3333333333333333,,,,
Shining fans,202,3,0.3333333333333333,,,,
Shining fans,84,3,0.3333333333333333,,,,
ping siba,202,3,0.3333333333333333,,,,
UltramanT1ga,120,3,0.3333333333333333,,,,
llIllIIlIllIlIll,202,3,0.3333333333333333,,,,
의지싸움,141,3,0.3333333333333333,,,,
SANDBOX FATE,24,3,0.3333333333333333,,,,
FA Natalie,61,3,0.3333333333333333,,,,
yuioplmnbvcfgjhk,145,3,0.3333333333333333,,,,
ig nugur1,12,3,0.3333333333333333,,,,
SANDBOX Route,3,3,0.3333333333333333,,,,
xrk2021,360,3,0.3333333333333333,,,,
버도링딩동그랑땡,141,3,0.3333333333333333,,,,
SoftM,3,3,0.3333333333333333,,,,
T1 Crescent,145,3,0.3333333333333333,,,,
T1 Gumayusi,30,3,0.3333333333333333,,,,
Juhana,164,3,0.3333333333333333,,,,
hao yun bao bei,3,3,0.3333333333333333,,,,
SANDBOX OnFleek,145,3,0.3333333333333333,,,,
SANDBOX Croco,145,3,0.3333333333333333,,,,
HUYATV Cid,80,3,0.3333333333333333,,,,
SoftM,57,3,0.3333333333333333,,,,
fat sheep,7,3,0.3333333333333333,,,,
KTB TOP,145,3,0.3333333333333333,,,,
i no hope,54,3,0.3333333333333333,,,,
FA Natalie,54,3,0.3333333333333333,,,,
UltramanT1ga,412,3,0.3333333333333333,,,,
hao yun bao bei,145,3,0.3333333333333333,,,,
Gen G Meaning,3,3,0.3333333333333333,,,,
FA Natalie,517,3,0.3333333333333333,,,,
FA Natalie,22,3,0.3333333333333333,,,,
FA Chasy,517,3,0.3333333333333333,,,,
Seize the day11,68,3,0.3333333333333333,,,,
fat sheep,497,3,0.3333333333333333,,,,
tiancaibing,164,3,0.3333333333333333,,,,
나만 잘되기를,164,3,0.3333333333333333,,,,
버도링딩동그랑땡,145,3,0.3333333333333333,,,,
A little st0ry,24,3,0.3333333333333333,,,,
나만 잘되기를,12,3,0.3333333333333333,,,,
밤이싫어,126,3,0.3333333333333333,,,,
DDDDoil,67,3,0.3333333333333333,,,,
DDDDoil,3,3,0.3333333333333333,,,,
스컬지,266,3,0.3333333333333333,,,,
wshgr,236,7,0.2857142857142857,,,,
xrk2021,203,7,0.2857142857142857,,,,
Starry0v0,164,8,0.25,,,,
T1 Berserker,104,8,0.25,,,,
zhu666,104,4,0.25,,,,
칸 나,145,4,0.25,,,,
Juhana,89,4,0.25,,,,
Shining fans,104,4,0.25,,,,
UltramanT1ga,89,4,0.25,,,,
나만 잘되기를,145,4,0.25,,,,
Starry0v0,236,4,0.25,,,,
esortazione,202,4,0.25,,,,
zhoupengyuan,58,4,0.25,,,,
이 차가 식기전에,81,4,0.25,,,,
Seize the day11,64,4,0.25,,,,
FA Light,84,4,0.25,,,,
SANDBOX Croco,84,4,0.25,,,,
FA Chasy,202,4,0.25,,,,
Starry0v0,245,4,0.25,,,,
A little st0ry,145,4,0.25,,,,
arrowIoI,236,4,0.25,,,,
FA Lava,517,4,0.25,,,,
fat sheep,126,4,0.25,,,,
SANDBOX Muru,517,5,0.2,,,,
DDDDoil,202,5,0.2,,,,
딱따구리부리압수,145,5,0.2,,,,
Starry0v0,126,5,0.2,,,,
xrk2021,202,5,0.2,,,,
ig nugur1,875,5,0.2,,,,
YSYZ,145,6,0.16666666666666666,,,,
fat sheep,,21,0,,,,
밤이싫어,,18,0,,,,
wshgr,,16,0,,,,
heeseong,,16,0,,,,
FA Chasy,,16,0,,,,
DDDDoil,,16,0,,,,
UltramanT1ga,,15,0,,,,
Starry0v0,,15,0,,,,
Shining fans,,15,0,,,,
미쳐놈,,14,0,,,,
ig nugur1,,14,0,,,,
Juhana,,13,0,,,,
A little st0ry,,12,0,,,,
스컬지,,12,0,,,,
SANDBOX Route,,12,0,,,,
zhoupengyuan,,11,0,,,,
Seize the day11,,11,0,,,,
knightzz,,11,0,,,,
SANDBOX OnFleek,,10,0,,,,
FA Natalie,,10,0,,,,
SANDBOX Muru,,10,0,,,,
못 난 놈 들1,,10,0,,,,
i no hope,,9,0,,,,
Lpc1,,9,0,,,,
타 잔,,9,0,,,,
whisper snow,,9,0,,,,
YSYZ,,9,0,,,,
yylw102b,,9,0,,,,
T1 Berserker,,8,0,,,,
daydayup,,8,0,,,,
Strange2,,8,0,,,,
zhu666,,8,0,,,,
AF LaCo,,8,0,,,,
남탓제발그만해,,7,0,,,,
arrowIoI,,7,0,,,,
버도링딩동그랑땡,,7,0,,,,
HUYATV Cid,,7,0,,,,
이것으로마칩니다,,7,0,,,,
Zaovvunongren,,7,0,,,,
FA Lava,,7,0,,,,
ping siba,,7,0,,,,
뷔스타,,7,0,,,,
T1 Gumayusi,,7,0,,,,
HSHTM,,6,0,,,,
T1 Oner,,6,0,,,,
Gen G Karis,,6,0,,,,
Gen G Meaning,,6,0,,,,
Gen G Ophelia,,6,0,,,,
나는 준일하다,,6,0,,,,
딱따구리부리압수,,6,0,,,,
xrk2021,,6,0,,,,
모찌피치모찌피치,,5,0,,,,
V5zhao874906839,,5,0,,,,
칸 나,,5,0,,,,
더 간절한 이우진,,5,0,,,,
이 차가 식기전에,,5,0,,,,
aabbcc123,,5,0,,,,
hao yun bao bei,,5,0,,,,
Re0start,,5,0,,,,
모두다함께차차차,,5,0,,,,
SANDBOX FATE,,5,0,,,,
Lpc1,80,5,0,,,,
40900202,,5,0,,,,
KTA T0P,,5,0,,,,
T1 Oner,84,4,0,,,,
ig nugur1,245,4,0,,,,
SANDBOX Croco,,4,0,,,,
Gen G Ophelia,875,4,0,,,,
kzxuiuy,,4,0,,,,
정훈이의 모험,236,4,0,,,,
T1 Crescent,,4,0,,,,
T1 Keria,,4,0,,,,
tiancaibing,,4,0,,,,
weibohan,,4,0,,,,
FA Minit,,4,0,,,,
SoftM,,4,0,,,,
Majo no Tabi,202,4,0,,,,
황제펭귄 5호,,4,0,,,,
yuioplmnbvcfgjhk,,4,0,,,,
White Canvas,,3,0,,,,
두꺼비압수,,3,0,,,,
고파 우 개미,,3,0,,,,
강꼬릴,,3,0,,,,
DDDDoil,58,3,0,,,,
Starry0v0,62,3,0,,,,
ig nugur1,84,3,0,,,,
xrk2021,245,3,0,,,,
모찌피치모찌피치,32,3,0,,,,
zhoupengyuan,80,3,0,,,,
ecnahC,,3,0,,,,
Gen G Peyz,,3,0,,,,
Fanch,,3,0,,,,
Seize the day11,203,3,0,,,,
Lpc1,142,3,0,,,,
FA GGul,,3,0,,,,
Lpc1,236,3,0,,,,
esortazione,,3,0,,,,
FA Lava,164,3,0,,,,
ig nugur1,236,3,0,,,,
의지싸움,,3,0,,,,
튀자튀자아,,3,0,,,,
hao yun bao bei,164,3,0,,,,
T1 Gumayusi,164,3,0,,,,
YSYZ,164,3,0,,,,
Bbvoy,,3,0,,,,
SANDBOX OnFleek,202,3,0,,,,
HUYATV Cid,235,3,0,,,,
i no hope,3,3,0,,,,
Juhana,12,3,0,,,,
jkjkjkjkk,,3,0,,,,
Gen G Rascal,104,3,0,,,,
KTB TOP,,3,0,,,,
Lpc1,106,3,0,,,,
JUGKlNG,,3,0,,,,
Majo no Tabi,,3,0,,,,
잘못박은사람,,3,0,,,,
FA Wizer,112,3,0,,,,
nnvbxz3324,,3,0,,,,
Oct0ber,,3,0,,,,
Interlude 2020,,3,0,,,,
SANDBOX Muru,113,3,0,,,,
엘 림,,3,0,,,,
arrowIoI,117,3,0,,,,
Seize the day11,3,2,0,,,,
메가 우기,,2,0,,,,
하이드,,2,0,,,,
SANDBOX Muru,3,2,0,,,,
순 의,25,2,0,,,,
Bbvoy,517,2,0,,,,
징징이는징징징징,,2,0,,,,
익산누누,,2,0,,,,
에르피디,,2,0,,,,
파이팅 인생,,2,0,,,,
애드ON,,2,0,,,,
바쿠야,,2,0,,,,
퇴근시간1,,2,0,,,,
보충제내놔,,2,0,,,,
FA GGul,517,2,0,,,,
크크롱삥뽕,,2,0,,,,
사 용 수,,2,0,,,,
콩식이,,2,0,,,,
Strange2,517,2,0,,,,
FA Gaeng,,2,0,,,,
llIllIIlIllIlIll,,2,0,,,,
T1 Oner,875,2,0,,,,
딱따구리부리압수,875,2,0,,,,
Gen G Kellin,,2,0,,,,
FA 레이닝,,2,0,,,,
FA zzuss,,2,0,,,,
FA Wizer,,2,0,,,,
hao yun bao bei,876,2,0,,,,
FA Light,,2,0,,,,
MapleStory275LV,,2,0,,,,
deokdam,,2,0,,,,
But All,,2,0,,,,
Awe Serenity,,2,0,,,,
yylw102b,876,2,0,,,,
Annie Leonhar,,2,0,,,,
밤이싫어,876,2,0,,,,
스컬지,876,2,0,,,,
이것으로마칩니다,876,2,0,,,,
크크롱삥뽕,876,2,0,,,,
Lpc1,777,2,0,,,,
다없수질,,2,0,,,,
이 차가 식기전에,517,2,0,,,,
zzzusss,,2,0,,,,
knightzz,523,2,0,,,,
Seize the day11,523,2,0,,,,
다없수질,523,2,0,,,,
xxxxxx UreK,,2,0,,,,
T1 Oner,555,2,0,,,,
스컬지,555,2,0,,,,
동해운수,,2,0,,,,
ping siba,777,2,0,,,,
xrk2021,777,2,0,,,,
Swordart777,,2,0,,,,
SSUNSSUN,,2,0,,,,
FA Chasy,875,2,0,,,,
Gen G Peyz,875,2,0,,,,
HSHTM,875,2,0,,,,
photic12345,,2,0,,,,
Strange2,106,2,0,,,,
i no hope,245,2,0,,,,
yylw102b,98,2,0,,,,
Zaovvunongren,98,2,0,,,,
순 의,103,2,0,,,,
Gen G Peyz,104,2,0,,,,
SANDBOX Muru,104,2,0,,,,
T1 Crescent,104,2,0,,,,
Seize the day11,105,2,0,,,,
Lpc1,91,2,0,,,,
밤이싫어,106,2,0,,,,
i no hope,111,2,0,,,,
A little st0ry,112,2,0,,,,
SANDBOX Muru,112,2,0,,,,
xrk2021,112,2,0,,,,
칸 나,113,2,0,,,,
Re0start,120,2,0,,,,
T1 Keria,120,2,0,,,,
heeseong,84,2,0,,,,
Uneasy11,80,2,0,,,,
zhu666,80,2,0,,,,
FA Chasy,81,2,0,,,,
T1 Oner,81,2,0,,,,
tiancaibing,81,2,0,,,,
V5zhao874906839,81,2,0,,,,
AF BAekHO,84,2,0,,,,
FA Natalie,84,2,0,,,,
하이드,121,2,0,,,,
i no hope,84,2,0,,,,
Interlude 2020,84,2,0,,,,
SoftM,84,2,0,,,,
SSUNSSUN,84,2,0,,,,
버도링딩동그랑땡,84,2,0,,,,
파이팅 인생,84,2,0,,,,
DDDDoil,85,2,0,,,,
xrk2021,89,2,0,,,,
FA GGul,202,2,0,,,,
순 의,161,2,0,,,,
HSHTM,236,2,0,,,,
Gen G Peyz,236,2,0,,,,
ig nugur1,164,2,0,,,,
Re0start,164,2,0,,,,
zhu666,164,2,0,,,,
미쳐놈,164,2,0,,,,
aabbcc123,202,2,0,,,,
Shining fans,157,2,0,,,,
FA Normal Jg,202,2,0,,,,
yylw102b,202,2,0,,,,
밤이싫어,202,2,0,,,,
미쳐놈,203,2,0,,,,
칸 나,202,2,0,,,,
yylw102b,203,2,0,,,,
YSYZ,203,2,0,,,,
ig nugur1,203,2,0,,,,
퇴근시간1,134,2,0,,,,
heeseong,122,2,0,,,,
Zaovvunongren,236,2,0,,,,
Re0start,126,2,0,,,,
T1 Oner,126,2,0,,,,
남탓제발그만해,126,2,0,,,,
Interlude 2020,134,2,0,,,,
Seize the day11,134,2,0,,,,
타 잔,134,2,0,,,,
SoftM,80,2,0,,,,
40900202,141,2,0,,,,
Lpc1,141,2,0,,,,
타 잔,142,2,0,,,,
40900202,145,2,0,,,,
DDDDoil,145,2,0,,,,
Zaovvunongren,145,2,0,,,,
우우리99,147,2,0,,,,
fat sheep,32,2,0,,,,
A little st0ry,29,2,0,,,,
순 의,29,2,0,,,,
A little st0ry,30,2,0,,,,
못 난 놈 들1,421,2,0,,,,
Juhana,30,2,0,,,,
xrk2021,421,2,0,,,,
Shining fans,30,2,0,,,,
40900202,32,2,0,,,,
T1 Oner,432,2,0,,,,
순 의,32,2,0,,,,
Juhana,39,2,0,,,,
KTA MID,39,2,0,,,,
사 용 수,39,2,0,,,,
황제펭귄 5호,39,2,0,,,,
xrk2021,412,2,0,,,,
Gen G Ophelia,40,2,0,,,,
ig nugur1,40,2,0,,,,
FA Natalie,21,2,0,,,,
하이드,498,2,0,,,,
밤이싫어,7,2,0,,,,
llIllIIlIllIlIll,12,2,0,,,,
T1 Crescent,12,2,0,,,,
모찌피치모찌피치,497,2,0,,,,
V5zhao874906839,12,2,0,,,,
하이드,16,2,0,,,,
Asperlol,17,2,0,,,,
DDDDoil,41,2,0,,,,
Juhana,497,2,0,,,,
i no hope,497,2,0,,,,
순 의,21,2,0,,,,
arrowIoI,497,2,0,,,,
A little st0ry,497,2,0,,,,
칸 나,432,2,0,,,,
이것으로마칩니다,432,2,0,,,,
HUYATV Cid,68,2,0,,,,
HSHTM,61,2,0,,,,
익산누누,61,2,0,,,,
FA Lava,360,2,0,,,,
Uneasy11,350,2,0,,,,
하이드,63,2,0,,,,
밤이싫어,266,2,0,,,,
kzxuiuy,64,2,0,,,,
esortazione,68,2,0,,,,
Sangchu,59,2,0,,,,
SANDBOX OnFleek,68,2,0,,,,
Sangchu,266,2,0,,,,
Lpc1,76,2,0,,,,
Oct0ber,266,2,0,,,,
daydayup,266,2,0,,,,
RW Ruby,76,2,0,,,,
못 난 놈 들1,76,2,0,,,,
SANDBOX Croco,80,2,0,,,,
xrk2021,57,2,0,,,,
YSYZ,50,2,0,,,,
YSYZ,51,2,0,,,,
SANDBOX FATE,412,2,0,,,,
Zaovvunongren,54,2,0,,,,
보충제내놔,54,2,0,,,,
Gen G Peyz,412,2,0,,,,
ig nugur1,57,2,0,,,,
weibohan,57,2,0,,,,
Zaovvunongren,3,2,0,,,,
A little st0ry,58,2,0,,,,
타 잔,360,2,0,,,,
hao yun bao bei,58,2,0,,,,
SANDBOX Muru,58,2,0,,,,
Starry0v0,58,2,0,,,,
T1 Oner,360,2,0,,,,
wshgr,58,2,0,,,,
